{"format":"onepage","settings":{"navigationMode":"restricted","showBackdrop":true,"showBrandInFooter":true},"updatedAt":"2025-04-03T15:21:36.554Z","headline":"Designing an Engaging Spanish Curriculum for Middle School Students","conclusion":{"content":"Congratulations on completing this course! You have taken an important step in unlocking your full potential. Completing this course is not just about acquiring knowledge; it's about putting that knowledge into practice and making a positive impact on the world around you.","title":"Conclusion"},"createdAt":"2025-04-03T15:21:36.554Z","languageId":"en-US","category":"Education","coverImage":"https://pixabay.com/get/g25b1ba5d6771fa7664990f983c5a6d7b658fd76b9276951705ee75d795d09a966b9b42daf26b081b7513b23a89342f04d01cf5530d94d5ccb8627ed60d4dff6e_640.jpg","folderId":null,"colorScheme":"violet","name":" Course of Spanish  for Grade 8","version":4,"id":"3p5TdGi3XT0SLmK3Jx4P","viewCount":0,"keywords":{"keyword2":"middle school","keyword5":"lesson planning","keyword4":"teaching strategies","keyword3":"language education","keyword1":"Spanish curriculum"},"overview":{"content":"This course aims to equip educators with the necessary tools and strategies to create an effective and engaging Spanish language curriculum for students in grades 8. Participants will learn how to design lessons that cater to various learning styles, incorporate technology, and assess student progress. By the end of the course, educators will be able to create a comprehensive, culturally relevant Spanish program that fosters language acquisition and appreciation among middle school students.","title":"Overview"},"sections":{"wrapup":{"headline":"Let's review what we have just seen so far","name":"Wrap-up","order":5,"blocks":{"lis_I88DvftC2B":{"view":"checklist","type":"list","items":{"ite_gPm4ziqoip":{"content":"Understanding the basics of the Spanish language lays a strong foundation for effective communication and fosters appreciation for its significance in today's global society.","title":"Introduction to Spanish Language: Basics and Importance","order":1},"ite_HvxflfFF9P":{"content":"Developing conversational skills in Spanish equips students with practical language abilities, enabling them to engage confidently in real-world situations and connect with Spanish speakers.","title":"Communication Skills: Conversational Spanish and Practical Usage","order":3},"ite_50HgM26ttP":{"title":"Cultural Exploration: Spanish-speaking Countries and Their Traditions","content":"Exploring the diverse traditions of Spanish-speaking countries enriches cultural awareness, allowing students to appreciate the vibrant histories and customs that shape these societies.","order":2}},"order":1}},"short":"Wrap-up","slug":"wrapup"},"practice":{"name":"Practical Exercises","headline":"Let's put your knowledge into practice","short":"Practice","order":4,"slug":"practice","blocks":{"htm_CWUHFNUFrj":{"order":1,"html":"<p>In the this lesson, we'll put theory into practice through hands-on activities. Click on the items below to check each exercise and develop practical skills that will help you succeed in the subject.</p>","type":"html"},"lis_Rci9ARDKvB":{"view":"accordion","items":{"Rucb8iBeC5":{"order":3,"title":"Role-Playing Scenarios","content":"In pairs, create and perform a short role-play that simulates a real-life situation, such as ordering food in a restaurant or asking for directions. Use at least 10 Spanish phrases or vocabulary words related to your scenario. Record the performance and play it back for the class."},"b3n16Rkmce":{"title":"Country Presentation Project","order":2,"content":"Choose one Spanish-speaking country to research. Create a presentation that includes information about the country's culture, traditions, popular foods, and any unique festivals. Include at least two images and a short video clip if possible. Present your findings to the class."},"qk5NMm2DDk":{"order":1,"content":"Create a set of flashcards that include 20 essential Spanish vocabulary words. Each card should have the Spanish word on one side and the English translation on the other. Use these flashcards to quiz yourself or a partner and try to use each word in a sentence.","title":"Spanish Vocabulary Flashcards"}},"type":"list","order":2}}},"topic2_XBPd4GSJUz":{"blocks":{"htm-6gzJbxuLIw":{"html":"<p>The Spanish-speaking world is rich with diverse cultures, each contributing unique customs, food, music, and celebrations that reflect their historical roots and contemporary lifestyles. Understanding these traditions can enhance language learning by providing context and depth to the language studied. </p>\n<h2>Countries and Their Distinct Traditions</h2>\n<h3>Mexico</h3>\n<p>Mexican culture is a vibrant blend of indigenous traditions and Spanish colonial influences. Key celebrations include:</p>\n<ul>\n<li><p><strong>Día de los Muertos</strong>: A celebration to honor deceased loved ones. Families create altars, or ofrendas, adorned with flowers, photographs, and the favorite foods of the deceased. It emphasizes the value of family ties and remembrance.</p>\n</li>\n<li><p><strong>Cinco de Mayo</strong>: Often mistaken for Mexican Independence Day, this holiday commemorates the Battle of Puebla in 1862. It has become a celebration of Mexican heritage, featuring parades, music, and traditional foods like mole and tacos.</p>\n</li>\n</ul>\n<h3>Spain</h3>\n<p>Spain boasts a multitude of regional traditions, reflecting its diverse cultural heritage:</p>\n<ul>\n<li><p><strong>La Tomatina</strong>: Held in Buñol, this tomato-throwing festival takes place on the last Wednesday of August. Participants engage in a massive food fight, symbolizing the joy and spontaneity of Spanish culture.</p>\n</li>\n<li><p><strong>Flamenco</strong>: Originating from Andalusia, flamenco is a passionate dance and musical genre that blends singing, guitar playing, and dancing. The tradition reflects the cultural synthesis of the Romani, Jewish, and Moorish influences in Spain.</p>\n</li>\n</ul>\n<h3>Argentina</h3>\n<p>In Argentina, traditions often revolve around community and social gatherings:</p>\n<ul>\n<li><p><strong>Asado</strong>: A communal barbecue and a fundamental aspect of Argentine culture. It’s more than just a meal; it’s an event for families and friends to gather, enjoy grilled meats, and share stories.</p>\n</li>\n<li><p><strong>Tango</strong>: A dramatic and expressive dance that originated in the late 19th century in Buenos Aires. Tango reflects the emotions of the people and serves as a form of storytelling through music and movement.</p>\n</li>\n</ul>\n<h3>Peru</h3>\n<p>Peruvian culture showcases a connection to its indigenous roots, particularly in culinary traditions:</p>\n<ul>\n<li><p><strong>Inti Raymi</strong>: The Festival of the Sun celebrated in Cusco mimics ancient Incan rituals to honor the sun god, Inti. It features colorful parades, traditional music, and reenactments of Incan ceremonies.</p>\n</li>\n<li><p><strong>Ceviche</strong>: This iconic dish of raw fish marinated in citrus juices represents Peru’s rich oceanic resources. Ceviche embodies the blending of traditional ingredients with modern culinary techniques.</p>\n</li>\n</ul>\n<h3>Colombia</h3>\n<p>Colombian culture is characterized by regional variations and festivities that emphasize music and dance:</p>\n<ul>\n<li><p><strong>Carnaval de Barranquilla</strong>: A vibrant festival recognized by UNESCO, celebrating Afro-Colombian heritage through parades, music, and dance. The carnaval showcases the rhythms of cumbia and porro, reflecting a rich musical tradition.</p>\n</li>\n<li><p><strong>Coffee Culture</strong>: Colombia&#39;s coffee regions emphasize the importance of coffee production, with guided tours of coffee farms and tasting events that highlight the labor and tradition behind one of the country&#39;s prized exports.</p>\n</li>\n</ul>\n<h3>Chile</h3>\n<p>Chilean traditions often blend indigenous and Spanish influences, particularly visible during national celebrations:</p>\n<ul>\n<li><p><strong>Fiestas Patrias</strong>: Celebrated in September, these Independence Day festivities span over a week, incorporating traditional dances like the cueca, traditional foods like empanadas, and community gatherings in fondas (tents).</p>\n</li>\n<li><p><strong>La Tirana Festival</strong>: A religious festival held in the northern town of La Tirana that combines indigenous and Catholic traditions, featuring colorful costumes, traditional music, and dancing to honor the Virgin of Carmen.</p>\n</li>\n</ul>\n<h2>The Role of Festivals and Celebrations</h2>\n<p>Festivals play a crucial role across all Spanish-speaking countries, serving as a means to preserve cultural identity. Many festivals incorporate religious elements, reflecting the influence of Catholicism paired with indigenous beliefs. Engagement with these celebrations allows language learners to deepen their understanding of local customs and societal values.</p>\n<h3>The Influence of Gastronomy</h3>\n<p>Food is a central facet of cultural exploration, with each Spanish-speaking country boasting its own unique culinary heritage:</p>\n<ul>\n<li><p><strong>Regional Ingredients</strong>: Understanding local produce, grains, and spices provides insight into historical trade, agriculture, and cultural exchange.</p>\n</li>\n<li><p><strong>Cooking Techniques</strong>: Exploring traditional cooking methods, from grilling to steaming, sheds light on regional practices and the preservation of culinary traditions.</p>\n</li>\n</ul>\n<h3>Music and Dance as Cultural Expressions</h3>\n<p>Music and dance represent pivotal aspects of cultural identity in Spanish-speaking countries:</p>\n<ul>\n<li><p><strong>National Dances</strong>: Traditional dances reflect the historical experiences of communities, often incorporating folklore and storytelling elements.</p>\n</li>\n<li><p><strong>Diverse Music Genres</strong>: From the vibrant sounds of mariachi in Mexico to the melancholic tones of fado in Spain, music serves as a vital means of preserving culture and sharing narratives.</p>\n</li>\n</ul>\n<h2>The Importance of Language in Cultural Context</h2>\n<p>Integrating cultural exploration into Spanish language learning not only enriches vocabulary and grammar but also fosters appreciation for the diverse heritage of Spanish-speaking communities. Engaging with traditions, stories, and celebrations encourages learners to build connections that extend beyond language proficiency, ultimately leading to a more profound understanding of the world they inhabit.</p>","order":1,"type":"html"},"hig_piK8VRTBu4":{"order":2,"content":"Exploring the diverse traditions of Spanish-speaking countries enriches cultural awareness, allowing students to appreciate the vibrant histories and customs that shape these societies.","title":"Conclusion - Cultural Exploration: Spanish-speaking Countries and Their Traditions","type":"highlight"}},"name":"Cultural Exploration: Spanish-speaking Countries and Their Traditions","slug":"culture","order":2,"short":"CULTURE"},"qui_3UlzPcXxNK":{"order":6,"blocks":{"T9k8txYqmy":{"questions":{"mul_i27AETVMiK":{"type":"multiple-choice","question":"How do you say 'Thank you' in Spanish?","order":5,"choices":{"cho_Cdzsncnb3F":{"order":3,"correct":false,"choice":"Danke"},"cho_wJW593nYCz":{"correct":false,"order":2,"choice":"Merci"},"cho_svh4MGNXEh":{"order":1,"correct":true,"choice":"Gracias"}}},"mul_hOhPGXsKNP":{"order":4,"type":"multiple-choice","choices":{"cho_L2cMjl82nG":{"choice":"Holidays celebrated with unique traditions and meals.","correct":true,"order":1},"cho_aYoWYWajdp":{"choice":"Spanish is not influenced by other languages.","order":3,"correct":false},"cho_3ViY79oc73":{"correct":false,"choice":"Only Spanish music is popular.","order":2}},"question":"Which of the following is an important aspect of Spanish culture?"},"mul_Tl0LFrr5Ok":{"choices":{"cho_1t7uvkyED2":{"order":1,"correct":false,"choice":"Argentina"},"cho_lT3BTNBPli":{"correct":true,"order":2,"choice":"Brazil"},"cho_gbO7PTHDxo":{"choice":"Mexico","correct":false,"order":3}},"type":"multiple-choice","question":"Which of these countries is NOT a Spanish-speaking country?","order":2},"mul_BvSxGFD64m":{"question":"What is a commonly used greeting in conversational Spanish?","choices":{"cho_3vECacaeEi":{"correct":false,"choice":"Bonjour","order":1},"cho_sClLuYb0r9":{"correct":true,"order":2,"choice":"Hola"},"cho_rusgb7ZVA9":{"choice":"Ciao","order":3,"correct":false}},"type":"multiple-choice","order":3},"mul_9wy0YC6gT5":{"type":"multiple-choice","question":"In a conversation, which phrase would you use to ask someone how they are?","order":6,"choices":{"cho_Yfc26efsMX":{"correct":true,"order":2,"choice":"¿Qué tal?"},"cho_UJS3IAkmnf":{"choice":"¿Cómo se llama?","order":1,"correct":false},"cho_ZX2GRxxoQl":{"order":3,"correct":false,"choice":"¿Dónde está?"}}},"mul_xaamFCOWnI":{"order":1,"choices":{"cho_W66vVzOMQE":{"order":2,"correct":true,"choice":"It enhances job opportunities in various fields."},"cho_9akK9nbE2o":{"correct":false,"order":1,"choice":"It is the most spoken language in the world."},"cho_NLEunH3Pfb":{"choice":"It is the official language of only two countries.","order":3,"correct":false}},"question":"What is one of the primary reasons to learn Spanish?","type":"multiple-choice"}},"type":"quiz","config":{"advanceOnSubmit":true,"gradedQuiz":true,"allowRetry":"never","showIntro":false,"showStudentAnswers":true,"showCorrectAnswers":false,"showScore":true,"showAllQuestionsInPage":true,"cannotProgressWhenFailed":false,"randomizeQuestions":true,"allowReview":"never"},"labels":{"YourScore":"Your score:","PassingScore":"Passing score:","Question":"Question","StartQuiz":"Start quiz","Submit":"Submit","Retry":"Retry","failed":"failed","passed":"passed","Review":"Review","Advance":"Advance"},"order":1}},"name":"Quiz","headline":"Check your knowledge answering some questions","short":"Quiz","slug":"quiz"},"topic1_2dC1NJUag6":{"name":"Introduction to Spanish Language: Basics and Importance","order":1,"short":"LANGUAGE","blocks":{"hig_Aa7OH6augT":{"content":"Understanding the basics of the Spanish language lays a strong foundation for effective communication and fosters appreciation for its significance in today's global society.","order":2,"type":"highlight","title":"Conclusion - Introduction to Spanish Language: Basics and Importance"},"htm-zyWC2pLRiF":{"type":"html","html":"<h2>The Spanish Language: A Global Perspective</h2>\n<p>Spanish, or Español, is the second most spoken language in the world by native speakers, with over 460 million people communicating in Spanish on a daily basis. As an official language in 21 countries, it is the predominant language in many parts of Latin America, Spain, and even the United States, where Spanish is the second most widely spoken language. This vast reach highlights the importance of Spanish not just as a means of communication, but also as a vital tool for cultural exchange, business, and diplomacy in today’s interconnected world.</p>\n<h3>Historical Roots</h3>\n<p>The origins of the Spanish language can be traced back to the late 15th century when it emerged from Vulgar Latin. The unification of the Kingdoms of Castile and Aragon under the Crown of Spain played a critical role in the development of a standardized form of the language. Spanish is heavily influenced by Arabic due to the 800-year period of Moorish rule, along with numerous words borrowed from other languages, including Basque, Catalan, and indigenous languages of Latin America. Understanding its evolution offers insights into the richness and diversity within the language.</p>\n<h3>Basic Foundations of Spanish</h3>\n<h4>Pronunciation</h4>\n<p>Spanish is known for its phonetic consistency, meaning that the sounds of letters largely correspond to how they are written. The Spanish alphabet consists of 27 letters, including the distinct letter &#39;ñ&#39;. Mastering pronunciation is essential for effective communication. </p>\n<ul>\n<li><strong>Vowels</strong>: Spanish vowels (a, e, i, o, u) have specific sounds that remain constant, unlike in English. </li>\n<li><strong>Consonants</strong>: While many consonants are similar to English, some like &#39;j&#39; (pronounced like an English &#39;h&#39;) and &#39;ll&#39; (which can have a unique sound depending on the region) are pronounced differently.</li>\n</ul>\n<h4>Basic Vocabulary</h4>\n<p>Understanding key vocabulary terms is crucial for starting conversations and developing fluency. Some essential categories include:</p>\n<ul>\n<li><strong>Greetings</strong>: Common phrases like &quot;Hola&quot; (Hello), &quot;Buenos días&quot; (Good morning), and &quot;Adiós&quot; (Goodbye) are foundational for social interactions.</li>\n<li><strong>Numbers and Colors</strong>: Learning numbers and colors provides a solid base for everyday conversations, making it easier to engage in activities such as shopping, ordering food, or planning events.</li>\n</ul>\n<h4>Simple Grammar Structures</h4>\n<p>The building blocks of Spanish grammar include:</p>\n<ul>\n<li><strong>Nouns and Articles</strong>: Spanish nouns have gender (masculine or feminine), which affects the articles (el, la) used with them. </li>\n<li><strong>Verbs</strong>: Conjugating verbs is integral to expressing actions. The present tense is often the focus for beginners, emphasizing the importance of subject-verb agreement.</li>\n<li><strong>Adjectives</strong>: Adjectives in Spanish agree in gender and number with the nouns they describe, adding another layer to sentence structure.</li>\n</ul>\n<h3>Cultural Significance</h3>\n<p>Understanding Spanish is not merely a linguistic pursuit; it also opens doors to the rich cultures, traditions, and histories of Spanish-speaking countries. From Latin American music and dance, such as salsa and tango, to Spanish literature and art, knowing the language allows learners to engage more deeply with these cultural expressions. It cultivates appreciation for diverse perspectives and fosters connections with Hispanic communities worldwide.</p>\n<h3>Practical Importance</h3>\n<p>In an increasingly globalized world, proficiency in Spanish can enhance career opportunities in various fields, including business, healthcare, education, and tourism. The ability to communicate in Spanish can set individuals apart in the job market, particularly within the United States, where the Hispanic population is one of the fastest-growing demographics.</p>\n<p>Moreover, understanding Spanish can provide advantages in travel, allowing individuals to interact with locals and fully immerse themselves in the culture. Whether exploring historical sites in Spain or enjoying the rich biodiversity of rainforests in Latin America, skills in Spanish enrich the travel experience.</p>\n<h3>A Gateway to Further Learning</h3>\n<p>For learners, engaging with Spanish can serve as a gateway to not just language acquisition, but also an avenue for exploring other Romance languages such as French, Italian, and Portuguese due to their common roots in Latin. This interconnectedness in language learning enhances cognitive skills and cultural empathy.</p>","order":1}},"slug":"language"},"topic3_dvaBsjUNrn":{"name":"Communication Skills: Conversational Spanish and Practical Usage","short":"COMMUNICATION","blocks":{"hig_ikxem6IatJ":{"order":2,"type":"highlight","title":"Conclusion - Communication Skills: Conversational Spanish and Practical Usage","content":"Developing conversational skills in Spanish equips students with practical language abilities, enabling them to engage confidently in real-world situations and connect with Spanish speakers."},"htm-HHKNLH4Yaz":{"type":"html","order":1,"html":"<h2>Importance of Communication Skills in Spanish</h2>\n<p>Effective communication is crucial in today’s interconnected world, and learning Spanish can enhance individuals&#39; ability to interact with Spanish-speaking populations. By focusing on conversational Spanish, students can not only grasp grammar and vocabulary but also learn how to express their thoughts and ideas in real-life situations. This adds cultural context to their language skills and enables them to communicate more authentically.</p>\n<h2>Basics of Conversational Spanish</h2>\n<p>Conversational Spanish centers around common expressions, phrases, and vocabulary that facilitate smooth interactions. Key components of conversational Spanish include:</p>\n<ul>\n<li><strong>Greetings and Farewells:</strong> Understanding how to say hello, goodbye, and other pleasantries.</li>\n<li><strong>Common Questions:</strong> Learning how to ask for information, such as “¿Cómo estás?” (How are you?) or “¿Qué tal?” (What&#39;s up?).</li>\n<li><strong>Expressions of Gratitude and Apology:</strong> Mastering phrases like “Gracias” (Thank you) and “Lo siento” (I’m sorry), which help in polite conversation.</li>\n<li><strong>Contextual Vocabulary:</strong> Using vocabulary that pertains to specific contexts—such as dining, shopping, and socializing—enabling students to navigate everyday situations.</li>\n</ul>\n<h2>Building Vocabulary for Practical Usage</h2>\n<p>To converse effectively, students should focus on expanding their vocabulary through various practical scenarios. Techniques to build vocabulary include:</p>\n<ul>\n<li><strong>Thematic Vocabulary Lists:</strong> Focusing on different themes such as food, travel, family, and hobbies allows students to learn words in context.</li>\n<li><strong>Visual Aids:</strong> Incorporating images or flashcards to enhance retention and recognition of new words.</li>\n<li><strong>Role-Playing Exercises:</strong> Engaging in simulations can help students apply vocabulary in meaningful ways, solidifying their understanding through use.</li>\n</ul>\n<h2>Understanding Cultural Context</h2>\n<p>Language is not just a set of rules; it is also a reflection of culture. Recognizing cultural nuances can enhance communication:</p>\n<ul>\n<li><strong>Cultural Norms:</strong> Understanding social etiquette, such as keeping a respectful distance during conversation or the importance of saying “usted” versus “tú” based on the context.</li>\n<li><strong>Idiomatic Expressions:</strong> Exploring common idioms and expressions can enrich conversations and help students connect deeper with native speakers. For instance, understanding sayings like &quot;Echar agua al mar&quot; (to do something pointless) provides insights into cultural attitudes.</li>\n</ul>\n<h2>Enhancing Listening Skills</h2>\n<p>Conversations are not just about speaking; listening is equally important. Techniques to improve listening skills include:</p>\n<ul>\n<li><strong>Active Listening Practices:</strong> Teaching students to focus on the speaker, ask clarifying questions, and summarize what they’ve heard to ensure comprehension.</li>\n<li><strong>Diverse Audio Resources:</strong> Incorporating various listening materials, such as podcasts, songs, and dialogues in Spanish, exposes students to different accents and speaking styles.</li>\n</ul>\n<h2>Practicing Speaking Skills</h2>\n<p>Once vocabulary and listening skills have been developed, practice becomes essential. Effective speaking practice can be achieved through:</p>\n<ul>\n<li><strong>Conversational Partners:</strong> Pairing students with native speakers or more proficient peers for real-time practice. This immerses them in natural conversation.</li>\n<li><strong>Interactive Language Games:</strong> Utilizing games that require speaking, such as charades or &quot;Simon Says&quot; in Spanish, to create a fun learning environment.</li>\n<li><strong>Record and Playback:</strong> Encouraging students to record their conversations and listen back allows them to reflect on pronunciation and fluency.</li>\n</ul>\n<h2>Common Conversations in Daily Life</h2>\n<p>Understanding common conversational scenarios aids in practical language use. Key areas of focus can include:</p>\n<ul>\n<li><strong>Dining Out:</strong> Learning how to read a menu, order food, and engage the server in conversation.</li>\n<li><strong>Shopping:</strong> Practicing phrases for asking about prices, sizes, and making a purchase.</li>\n<li><strong>Social Gatherings:</strong> Mastering small talk and introductions to enhance social interactions.</li>\n</ul>\n<h2>Overcoming Communication Barriers</h2>\n<p>Inevitably, barriers to communication may arise. Strategies for overcoming these challenges include:</p>\n<ul>\n<li><strong>Emphasizing Patience:</strong> Teaching students to remain patient and not rush the conversation can encourage more fluid interactions.</li>\n<li><strong>Learning to Use Non-Verbal Communication:</strong> Encouraging the use of gestures and facial expressions helps convey meaning when words fail.</li>\n<li><strong>Utilizing Technology:</strong> Encouraging the use of translation apps or language learning platforms can support students in moments of uncertainty.</li>\n</ul>\n<h2>Integration of Technology</h2>\n<p>Incorporating technology into learning can greatly enhance conversational skills. Useful tools include:</p>\n<ul>\n<li><strong>Language Learning Apps:</strong> Utilizing applications such as Duolingo or Babbel to practice conversational Spanish.</li>\n<li><strong>Online Forums and Language Exchanges:</strong> Engaging in platforms like Tandem or HelloTalk to connect with native Spanish speakers around the globe.</li>\n<li><strong>Video Conferencing Tools:</strong> Practicing with peers or mentors virtually can provide convenient opportunities for real-time conversation.</li>\n</ul>\n<hr>\n<p>By immersing students in conversational Spanish through practical engagement and cultural understanding, the development of strong communication skills will enable them to navigate both everyday interactions and deeper discussions in Spanish-speaking environments. The focus on real-life usage helps to create a seamless bridge between language learning and practical application.</p>"}},"order":3,"slug":"communication"}},"teamId":null}